{"stats":{"minecraft:picked_up":{"minecraft:arrow":1,"minecraft:bone":1},"minecraft:used":{"minecraft:wooden_axe":3},"minecraft:killed":{"minecraft:skeleton":1,"minecraft:zombie":1},"minecraft:mined":{"minecraft:short_grass":1},"minecraft:custom":{"minecraft:jump":53,"minecraft:time_since_rest":3340,"minecraft:walk_on_water_one_cm":293,"minecraft:damage_dealt":332,"minecraft:sprint_one_cm":3060,"minecraft:play_time":3340,"minecraft:damage_taken":125,"minecraft:time_since_death":3340,"minecraft:walk_one_cm":3550,"minecraft:sneak_time":18,"minecraft:total_world_time":3340,"minecraft:mob_kills":2,"minecraft:drop":3,"minecraft:fall_one_cm":269,"minecraft:fly_one_cm":8062},"minecraft:dropped":{"minecraft:wooden_axe":1,"minecraft:arrow":1,"minecraft:bone":1}},"DataVersion":3700}