{"stats":{"minecraft:killed":{"minecraft:sheep":3,"minecraft:skeleton":1,"minecraft:zombie":1},"minecraft:mined":{"minecraft:short_grass":4},"minecraft:picked_up":{"minecraft:arrow":1,"minecraft:bone":1,"minecraft:mutton":4,"minecraft:white_wool":3},"minecraft:used":{"minecraft:wooden_axe":3},"minecraft:dropped":{"minecraft:arrow":1,"minecraft:wooden_axe":1,"minecraft:bone":1},"minecraft:custom":{"minecraft:time_since_rest":815,"minecraft:crouch_one_cm":38,"minecraft:deaths":1,"minecraft:sprint_one_cm":6667,"minecraft:play_time":5181,"minecraft:damage_taken":255,"minecraft:walk_one_cm":6801,"minecraft:sneak_time":37,"minecraft:mob_kills":5,"minecraft:drop":3,"minecraft:jump":136,"minecraft:damage_dealt":642,"minecraft:leave_game":1,"minecraft:walk_on_water_one_cm":293,"minecraft:time_since_death":773,"minecraft:total_world_time":5181,"minecraft:fall_one_cm":3378,"minecraft:fly_one_cm":16913}},"DataVersion":3700}