{"stats":{"minecraft:picked_up":{"minecraft:wheat_seeds":6},"minecraft:used":{"minecraft:moss_block":64},"minecraft:mined":{"minecraft:short_grass":8},"minecraft:custom":{"minecraft:jump":47,"minecraft:time_since_rest":3005,"minecraft:crouch_one_cm":4,"minecraft:leave_game":1,"minecraft:sprint_one_cm":3744,"minecraft:play_time":3005,"minecraft:walk_on_water_one_cm":65,"minecraft:time_since_death":3005,"minecraft:walk_one_cm":5573,"minecraft:sneak_time":34,"minecraft:total_world_time":3005,"minecraft:drop":3,"minecraft:fall_one_cm":1045,"minecraft:fly_one_cm":15009},"minecraft:dropped":{"minecraft:moss_block":64,"minecraft:wheat_seeds":4}},"DataVersion":3700}